{
    "m": 1.964602226258358,
    "c": 1.5653744411984711,
    "r_2": 0.8141516619460377
}