{
    "m": 1.57912673733452,
    "c": 2.7459826987145437,
    "r_2": 0.9701906108383289
}