{
    "m": 1.2140524694865855,
    "c": 3.3810600276940717,
    "r_2": 0.9337693401720562
}