{
    "m": 4.199043009566747,
    "c": -2.040188497776244,
    "r_2": 0.6265337757357432
}