{
    "m": 2.9954264766410694,
    "c": 0.8563342795982374,
    "r_2": 0.9182116549441277
}