{
    "m": 3.5010457658963334,
    "c": -1.0361663557411276,
    "r_2": 0.8627814496220766
}