{
    "m": 2.492470303257642,
    "c": 1.4105579600059004,
    "r_2": 0.9999596902092461
}