{
    "m": 1.9884443848283528,
    "c": 2.7186697380486704,
    "r_2": 0.993341566812372
}