{
    "m": 2.3873995339265632,
    "c": 0.5601710761610018,
    "r_2": 0.9646931801512264
}