{
    "m": 1.0583382190455697,
    "c": 0.9250468215859331,
    "r_2": 0.5553249492744623
}