{
    "m": 1.2463808501568592,
    "c": 2.7974196096274806,
    "r_2": 0.7583480924957121
}