{
    "m": 1.7261417726009856,
    "c": -0.03042375596167779,
    "r_2": 0.3131041794007682
}