{
    "m": 1.429578727288252,
    "c": 2.8141415481741388,
    "r_2": 0.8768542182881074
}