{
    "m": 1.1419660054470542,
    "c": 2.6511997537540877,
    "r_2": 0.7422297263095654
}