{
    "m": 0.9143311464848974,
    "c": 2.2198298344487886,
    "r_2": 0.20255916690483122
}