{
    "m": 2.352084075270481,
    "c": 1.5552112925455654,
    "r_2": 0.9456058032022783
}