{
    "m": 2.867476165043272,
    "c": 0.9423657031744281,
    "r_2": 0.941119793489161
}