{
    "m": 3.2751439227173336,
    "c": 0.7088140565877745,
    "r_2": 0.8724905158067386
}