{
    "m": 2.024605393955124,
    "c": 1.65337582025757,
    "r_2": 0.5917474475973477
}