{
    "m": 0.8666711626860457,
    "c": 0.6065765867226827,
    "r_2": 0.31356827806860044
}