{
    "m": 1.0492254344195218,
    "c": 2.795831674092855,
    "r_2": 0.7292498236248357
}